{
    "providers": [
        {
            "type": "bitmap",
            "file": "minecraft:font/logo.png",
            "ascent": 0,
            "height": 30,
            "chars": [
                "U+1DCE,"
            ]
        },
        {
            "type": "bitmap",
            "file": "minecraft:font/logo1.png",
            "ascent": 0,
            "height": 30,
            "chars": [
                "U+1DDE,"
            ]
        },
        {
            "type": "bitmap",
            "file": "minecraft:font/logo2.png",
            "ascent": 0,
            "height": 30,
            "chars": [
                "U+00DC,"
            ]
        },
        {
            "type": "bitmap",
            "file": "minecraft:font/logo3.png",
            "ascent": 0,
            "height": 30,
            "chars": [
                "U+1DCE,"
            ]
        },
        {
            "type": "bitmap",
            "file": "minecraft:font/logo4.png",
            "ascent": 0,
            "height": 30,
            "chars": [
                "U+1DCE,"
            ]
        },
        {
            "type": "bitmap",
            "file": "minecraft:font/logo5.png",
            "ascent": 0,
            "height": 30,
            "chars": [
                "U+1DCE,"
            ]
        },
        {
            "type": "bitmap",
            "file": "minecraft:font/logo6.png",
            "ascent": 0,
            "height": 30,
            "chars": [
                "U+1DCE,"
            ]
        }
    ]
}